<?xml version="1.0" encoding="UTF-8"?>
<site>
   <description name="Cupid Eclipse Update Site" url="http://www.cc.gatech.edu/~rocky/cupid-update-site/">
      Eclipse update site for Cupid
   </description>
   <feature url="features/cupidfeature_1.0.0.201302080912.jar" id="cupidfeature" version="1.0.0.201302080912">
      <category name="cupid"/>
   </feature>
   <category-def name="cupid" label="Cupid">
      <description>
         The Cupid IDE for Earth System Models
      </description>
   </category-def>
</site>
